{
  "IcoMoonType": "selection",
  "icons": [
    {
      "icon": {
        "paths": [
          "M128 32h768c53.019 0 96 42.981 96 96v768c0 53.019-42.981 96-96 96h-768c-53.019 0-96-42.981-96-96v-768c0-53.019 42.981-96 96-96z"
        ],
        "attrs": [
          {
            "fill": "none",
            "strokeLinejoin": "miter",
            "strokeLinecap": "butt",
            "strokeMiterlimit": "4",
            "strokeWidth": 64
          }
        ],
        "isMulticolor": false,
        "isMulticolor2": false,
        "grid": 0,
        "tags": [
          "Checkbox"
        ]
      },
      "attrs": [
        {
          "fill": "none",
          "strokeLinejoin": "miter",
          "strokeLinecap": "butt",
          "strokeMiterlimit": "4",
          "strokeWidth": 64
        }
      ],
      "properties": {
        "order": 20,
        "id": 0,
        "name": "checkbox",
        "prevSize": 32
      },
      "setIdx": 0,
      "setId": 4,
      "iconIdx": 0
    },
    {
      "icon": {
        "paths": [
          "M1024 103.131l-103.131-103.131-408.869 408.869-408.869-408.869-103.131 103.131 408.869 408.869-408.869 408.869 103.131 103.131 408.869-408.869 408.869 408.869 103.131-103.131-408.869-408.869 408.869-408.869z"
        ],
        "attrs": [
          {}
        ],
        "isMulticolor": false,
        "isMulticolor2": false,
        "grid": 0,
        "tags": [
          "close-black-18dp (2) 1"
        ],
        "colorPermutations": {
          "255255255177902291": [
            {}
          ]
        }
      },
      "attrs": [
        {}
      ],
      "properties": {
        "order": 14,
        "id": 4,
        "name": "cclose",
        "prevSize": 32
      },
      "setIdx": 1,
      "setId": 3,
      "iconIdx": 0
    },
    {
      "icon": {
        "paths": [
          "M640 256h-512c-35.2 0-63.68 28.8-63.68 64l-0.32 384c0 35.2 28.8 64 64 64h512c35.2 0 64-28.8 64-64v-384c0-35.2-28.8-64-64-64zM627.2 392l-226.24 141.44c-10.24 6.4-23.68 6.4-33.92 0l-226.24-141.44c-8-5.12-12.8-13.76-12.8-23.040 0-21.44 23.36-34.24 41.6-23.040l214.4 134.080 214.4-134.080c18.24-11.2 41.6 1.6 41.6 23.040 0 9.28-4.8 17.92-12.8 23.040z"
        ],
        "attrs": [
          {}
        ],
        "width": 768,
        "isMulticolor": false,
        "isMulticolor2": false,
        "grid": 0,
        "tags": [
          "email-black-18dp 1"
        ],
        "colorPermutations": {
          "255255255177902291": [
            {}
          ]
        }
      },
      "attrs": [
        {}
      ],
      "properties": {
        "order": 15,
        "id": 3,
        "name": "email",
        "prevSize": 32
      },
      "setIdx": 1,
      "setId": 3,
      "iconIdx": 1
    },
    {
      "icon": {
        "paths": [
          "M603.941 311.028l-553.716 258.658 345.307 109.47 279.723-219.672c153.844-120.808 283.404-215.991 287.89-211.505s-89.381 117.833-208.603 251.904c-210.286 236.422-216.82 247.369-217.478 364.617l-0.683 120.881 209.506-205.605 116.614 39.717c64.975 22.162 124.928 30.33 135.436 18.505 21.406-24.113 181.638-763.709 168.35-776.997-4.754-4.754-257.804 107.764-562.347 250.027z"
        ],
        "attrs": [
          {
            "fill": "rgb(255, 255, 255)"
          }
        ],
        "width": 1219,
        "isMulticolor": false,
        "isMulticolor2": false,
        "grid": 0,
        "tags": [
          "plane"
        ],
        "colorPermutations": {
          "255255255177902291": [
            {
              "f": 1
            }
          ]
        }
      },
      "attrs": [
        {
          "fill": "rgb(255, 255, 255)"
        }
      ],
      "properties": {
        "order": 19,
        "id": 2,
        "name": "plane",
        "prevSize": 32
      },
      "setIdx": 1,
      "setId": 3,
      "iconIdx": 2
    },
    {
      "icon": {
        "paths": [
          "M628.322 591.578l-78.43-8.956c-18.833-2.159-37.359 4.326-50.637 17.6l-56.815 56.815c-87.381-44.463-159.016-115.789-203.479-203.477l57.122-57.125c13.277-13.277 19.761-31.803 17.6-50.639l-8.954-77.81c-3.705-31.186-29.951-54.653-61.445-54.653h-53.417c-34.891 0-63.916 29.024-61.754 63.916 16.365 263.692 227.255 474.273 490.634 490.636 34.893 2.163 63.915-26.863 63.915-61.751v-53.419c0.311-31.185-23.155-57.429-54.34-61.137z"
        ],
        "attrs": [
          {}
        ],
        "width": 768,
        "isMulticolor": false,
        "isMulticolor2": false,
        "grid": 0,
        "tags": [
          "phone-black-18dp 1"
        ],
        "colorPermutations": {
          "255255255177902291": [
            {}
          ]
        }
      },
      "attrs": [
        {}
      ],
      "properties": {
        "order": 17,
        "id": 1,
        "name": "phone",
        "prevSize": 32
      },
      "setIdx": 1,
      "setId": 3,
      "iconIdx": 3
    },
    {
      "icon": {
        "paths": [
          "M512 512c94.293 0 170.667-76.373 170.667-170.667s-76.373-170.667-170.667-170.667c-94.293 0-170.667 76.373-170.667 170.667s76.373 170.667 170.667 170.667zM512 597.333c-113.92 0-341.333 57.173-341.333 170.667v42.667c0 23.467 19.2 42.667 42.667 42.667h597.333c23.467 0 42.667-19.2 42.667-42.667v-42.667c0-113.493-227.413-170.667-341.333-170.667z"
        ],
        "attrs": [
          {
            "fill": "rgb(77, 90, 229)"
          }
        ],
        "isMulticolor": false,
        "isMulticolor2": false,
        "grid": 0,
        "tags": [
          "person-black-18dp 1"
        ],
        "colorPermutations": {
          "255255255177902291": [
            {
              "f": 0
            }
          ]
        }
      },
      "attrs": [
        {
          "fill": "rgb(77, 90, 229)"
        }
      ],
      "properties": {
        "order": 18,
        "id": 0,
        "name": "name",
        "prevSize": 32
      },
      "setIdx": 1,
      "setId": 3,
      "iconIdx": 4
    },
    {
      "icon": {
        "paths": [
          "M984.736 707.12l-270.176-272.16 29.984-147.68c7.744 3.008 15.968 4.592 24.272 4.64h0.208c0.243 0.003 0.53 0.005 0.817 0.005 38.156 0 69.088-30.932 69.088-69.088s-30.932-69.088-69.088-69.088c-38.156 0-69.088 30.932-69.088 69.088 0 8.305 1.465 16.268 4.152 23.644l-0.153-0.48-158.72 19.36-258.912-260.24c-3.071-3.124-7.327-5.074-12.039-5.12l-0.009-0c-4.48 0.016-8.768 1.808-11.952 4.96l-48.4 48.128c-3.090 3.089-5.001 7.358-5.001 12.072s1.911 8.983 5.001 12.072l0 0 26.048 26.4c-36.572 65.991-58.098 144.701-58.098 228.439 0 131.386 52.991 250.396 138.767 336.822l-0.029-0.030q2.032 1.952 4.656 3.12c-1.040 5.253-1.644 11.302-1.664 17.488l-0 0.016v197.984h-204.8c-47.113 0.045-85.296 38.217-85.36 85.322l-0 0.006v34.128c0 9.44 7.648 17.072 17.072 17.072h785.072c9.424 0 17.072-7.648 17.072-17.072v-34.128c-0.064-47.105-38.237-85.273-85.339-85.328l-204.805-0v-87.744c32.080 6.72 64.768 10.16 97.552 10.24 82.553-0.093 160.151-21.222 227.748-58.313l-2.468 1.241 26.192 26.336c3.168 3.232 7.504 5.088 12.048 5.12 4.48-0.032 8.768-1.808 11.936-4.96l48.4-48.144c3.085-3.089 4.993-7.354 4.993-12.064s-1.908-8.975-4.993-12.064l0 0zM744.96 199.456c6.168-6.131 14.67-9.92 24.056-9.92 18.848 0 34.128 15.28 34.128 34.128s-15.28 34.128-34.128 34.128c-0.003 0-0.006-0-0.008-0l-0.096 0c-18.776-0.095-33.96-15.338-33.96-34.128 0-9.462 3.851-18.025 10.071-24.207l0.002-0.002zM704.784 311.616l-19.152 94.24-37.616-37.824zM685.392 282.752l-61.44 61.072-47.52-47.792zM768.128 921.6c28.277 0 51.2 22.923 51.2 51.2v0 17.072h-750.928v-17.072c-0-28.277 22.923-51.2 51.2-51.2h0zM529.2 853.328v34.144h-170.672v-34.144zM358.528 819.2v-129.712c0-41.392 38.288-75.088 85.328-75.088s85.344 33.696 85.344 75.088v129.712zM563.328 764.928v-75.44c0-60.224-53.6-109.216-119.456-109.216-0.56-0.009-1.221-0.015-1.882-0.015-43.281 0-81.281 22.612-102.831 56.668l-0.295 0.499c-75.506-79.414-121.953-187.076-121.953-305.585 0-74.051 18.135-143.866 50.205-205.247l-1.165 2.449 595.264 598.672c-58.323 30.299-127.343 48.069-200.514 48.069-34.519 0-68.115-3.955-100.358-11.436l2.984 0.583zM924.576 743.056l-673.824-677.792 24.16-24.064 253.92 255.36c0.112 0 0.176 0.208 0.304 0.304l419.664 422.128z",
          "M444.016 648.528h-0.16c-0.024-0-0.052-0-0.080-0-28.277 0-51.2 22.923-51.2 51.2 0 28.249 22.877 51.154 51.116 51.2l0.004 0h0.16c0.024 0 0.052 0 0.080 0 28.277 0 51.2-22.923 51.2-51.2 0-28.249-22.877-51.154-51.116-51.2l-0.004-0zM455.968 711.84c-3.084 3.056-7.329 4.945-12.016 4.945-9.429 0-17.072-7.643-17.072-17.072 0-0.023 0-0.046 0-0.068l-0 0.004c0.081-9.343 7.633-16.895 16.968-16.976l0.008-0c9.388 0.054 16.977 7.677 16.977 17.072 0 4.727-1.921 9.004-5.024 12.096l-0.001 0.001z"
        ],
        "attrs": [
          {
            "fill": "rgb(46, 47, 66)"
          },
          {
            "fill": "rgb(77, 90, 229)"
          }
        ],
        "isMulticolor": true,
        "isMulticolor2": false,
        "grid": 0,
        "tags": [
          "antenna"
        ],
        "colorPermutations": {
          "464766177902291": [
            {
              "f": 0
            },
            {
              "f": 1
            }
          ]
        }
      },
      "attrs": [
        {
          "fill": "rgb(46, 47, 66)"
        },
        {
          "fill": "rgb(77, 90, 229)"
        }
      ],
      "properties": {
        "order": 9,
        "id": 3,
        "name": "antenna",
        "prevSize": 32
      },
      "setIdx": 2,
      "setId": 2,
      "iconIdx": 0
    },
    {
      "icon": {
        "paths": [
          "M1023.168 144.768c-2.046-6.106-7.275-10.613-13.665-11.588l-0.095-0.012-61.152-8.896-27.36-55.392c-5.728-11.68-24.848-11.68-30.592 0l-27.36 55.392-61.12 8.896c-8.319 1.229-14.631 8.319-14.631 16.883 0 4.79 1.975 9.12 5.155 12.218l0.004 0.004 44.24 43.12-10.448 60.896c-1.088 6.4 1.536 12.864 6.784 16.688 5.312 3.856 12.24 4.336 17.984 1.296l54.688-28.752 54.688 28.752c2.292 1.22 5.013 1.936 7.9 1.936 9.437 0 17.088-7.651 17.088-17.088 0-1-0.086-1.981-0.251-2.934l0.015 0.102-10.432-60.896 44.256-43.12c3.179-3.111 5.15-7.445 5.15-12.239 0-1.881-0.304-3.692-0.864-5.386l0.035 0.121zM944.368 187.232c-4 3.904-5.856 9.568-4.896 15.104l6.112 35.648-32.016-16.816c-2.303-1.247-5.042-1.98-7.952-1.98s-5.649 0.733-8.042 2.024l0.090-0.044-32.016 16.816 6.112-35.648c0.153-0.86 0.241-1.851 0.241-2.861 0-4.796-1.972-9.131-5.15-12.24l-25.923-25.267 35.808-5.2c5.568-0.8 10.368-4.304 12.848-9.344l16-32.416 16.016 32.416c2.496 5.040 7.296 8.544 12.864 9.344l35.792 5.2zM836.272 656.704h-34.144v34.144h34.144zM836.272 724.976h-34.144v34.144h34.144zM870.4 690.848h-34.128v34.128h34.128zM802.144 690.848h-34.144v34.128h34.144zM716.8 844.448h-34.128v34.128h34.128zM716.8 912.72h-34.128v34.128h34.128zM750.944 878.576h-34.144v34.144h34.144zM682.672 878.576h-34.144v34.144h34.144zM512 776.176h-34.128v34.144h34.128zM512 844.448h-34.128v34.128h34.128zM546.128 810.32h-34.128v34.128h34.128zM477.872 810.32h-34.144v34.128h34.144zM187.728 195.904h-34.128v34.128h34.128zM187.728 264.16h-34.128v34.144h34.128zM221.856 230.032h-34.128v34.144h34.128zM153.6 230.032h-34.144v34.144h34.144z",
          "M790.88 453.104c-8.96-12.050-22.358-20.365-37.732-22.525l-0.3-0.035c-2.445-0.373-5.266-0.586-8.136-0.586-13.145 0-25.246 4.465-34.871 11.961l0.127-0.095-40.064 30.704-60.72 45.36-43.456-17.312c77.472-34.752 131.632-112.256 131.632-202.24 0-122.336-99.92-221.856-222.752-221.856s-222.768 99.52-222.768 221.856c0 44.336 13.248 85.568 35.84 120.272l-88.608-0.768c-0.272 0-0.48 0.144-0.752 0.16-1.798 0.066-3.493 0.418-5.070 1.012l0.11-0.036c-0.416 0.16-0.832 0.24-1.232 0.432-0.192 0.080-0.4 0.096-0.608 0.208l-103.488 51.088-60.592 29.152c-0.785 0.367-1.446 0.74-2.076 1.157l0.060-0.037c-15.41 10.357-25.415 27.724-25.415 47.427 0 9.492 2.322 18.441 6.428 26.312l-0.149-0.315c7.040 13.728 19.040 23.84 33.792 28.464 5.137 1.685 11.049 2.657 17.189 2.657 9.86 0 19.135-2.507 27.221-6.918l-0.298 0.149 44.416-23.616 72.448-37.424 43.424-0.24-174.144 173.28q0 0.032-0.048 0.048l-42.832 42.656c-9.683 9.576-15.68 22.862-15.68 37.549 0 0.052 0 0.103 0 0.154l-0-0.008c0 14.24 5.552 27.632 15.68 37.712 10.4 10.352 24.064 15.52 37.728 15.52 13.696 0 27.344-5.168 37.76-15.52l42.064-41.872 55.712-41.6 28.816 28.704-99.264 98.832c-9.683 9.576-15.68 22.862-15.68 37.549 0 0.046 0 0.092 0 0.138l-0-0.007c0 14.24 5.568 27.632 15.68 37.728 10.4 10.336 24.080 15.52 37.76 15.52 13.664 0 27.36-5.184 37.76-15.52l111.424-110.928q0-0.048 0.032-0.064l32.304-32-0.128-0.112c0.208-0.208 0.496-0.272 0.704-0.496l165.312-181.056 111.072 15.792q1.2 0.176 2.4 0.16c2.080 0 4.064-0.48 6-1.216q0.8-0.32 1.6-0.752c0.608-0.304 1.248-0.48 1.824-0.864l102.832-68.272c0.384-0.256 0.576-0.656 0.944-0.944 0.4-0.32 0.912-0.448 1.28-0.8l40.704-38.128c11.106-10.42 18.024-25.189 18.024-41.574 0-12.807-4.227-24.627-11.362-34.141l0.106 0.148zM68.16 568.64c-5.536 2.976-11.84 3.568-17.856 1.664-9.431-2.968-16.151-11.633-16.151-21.868 0-7.547 3.654-14.24 9.289-18.408l0.062-0.044 42.048-20.224 10.112 29.584 4.256 12.416zM180.080 510.16l-49.552 25.6-8.16-23.904-5.872-17.168 64.848-32zM663.264 298.304c0 29.392-7.008 57.12-19.168 81.904l-133.808-60.768c-1.384-18.408-10.948-34.331-25.030-44.291l-0.186-0.125 46.848-155.52c76.080 24.176 131.344 95.152 131.344 178.784zM286.016 298.288c0-103.52 84.624-187.744 188.624-187.744 8.096 0 16 0.688 23.84 1.68l-45.824 152.112c-0.608 0-1.2-0.176-1.824-0.176-0.010-0-0.021-0-0.032-0-33.019 0-59.797 26.722-59.888 59.719l-0 0.009c0.091 33.006 26.869 59.728 59.888 59.728 0.011 0 0.023-0 0.034-0l-0.002 0c22.224 0 41.424-12.256 51.776-30.224l123.6 56.16c-34.4 46.288-89.44 76.48-151.568 76.48-104 0-188.624-84.24-188.624-187.744zM476.624 323.888c0 14.112-11.584 25.6-25.792 25.6-0.010 0-0.021 0-0.032 0-14.171 0-25.669-11.442-25.759-25.591l-0-0.009c0-14.112 11.568-25.6 25.792-25.6s25.792 11.488 25.792 25.6zM78.864 804.672c-3.515 3.471-8.347 5.615-13.68 5.615-5.317 0-10.137-2.131-13.65-5.586l0.003 0.003c-3.486-3.445-5.646-8.226-5.646-13.512s2.159-10.067 5.644-13.51l0.002-0.002 30.784-30.672 27.232 27.12zM181.712 924.144c-3.515 3.484-8.354 5.638-13.696 5.638-5.326 0-10.153-2.14-13.666-5.608l0.002 0.002c-3.475-3.45-5.626-8.23-5.626-13.512s2.151-10.062 5.624-13.511l0.001-0.001 30.816-30.688 27.264 27.12zM293.136 813.152l-0.064 0.032-56.48 56.32-27.248-27.12 56.432-56.192q0 0 0.048-0.032c1.28-1.28 2.080-2.816 2.88-4.32 0.208-0.448 0.64-0.832 0.832-1.28 0.528-1.328 0.608-2.736 0.8-4.128 0.112-0.784 0.448-1.52 0.448-2.32 0-1.136-0.4-2.24-0.64-3.376-0.208-1.024-0.208-2.080-0.592-3.056-0.64-1.6-1.76-3.024-2.928-4.4-0.32-0.384-0.432-0.864-0.8-1.216h-0.016l-0.032-0.064-51.424-51.2c-0.544-0.544-1.248-0.768-1.856-1.232-0.813-0.673-1.725-1.284-2.697-1.798l-0.087-0.042c-0.849-0.405-1.845-0.762-2.882-1.017l-0.11-0.023c-0.958-0.306-2.079-0.532-3.235-0.636l-0.061-0.004c-0.204-0.009-0.443-0.015-0.683-0.015-0.832 0-1.649 0.063-2.446 0.186l0.089-0.011c-1.233 0.104-2.37 0.331-3.457 0.671l0.113-0.031c-1.154 0.416-2.147 0.901-3.076 1.479l0.068-0.039c-0.64 0.352-1.36 0.48-1.952 0.912l-56.752 42.368-28.816-28.704 76.768-76.368 139.52 137.248zM511.328 588.608c-0.48-0.064-0.96 0.128-1.44 0.096-0.261-0.015-0.567-0.024-0.874-0.024-0.992 0-1.962 0.090-2.904 0.263l0.098-0.015q-1.44 0.208-2.832 0.672c-1.184 0.431-2.202 0.938-3.153 1.543l0.065-0.039q-1.424 0.848-2.656 1.968c-0.416 0.352-0.912 0.528-1.28 0.928l-150.352 164.672-138.496-136.208 90.656-90.192c3.081-3.090 4.986-7.355 4.986-12.064 0-9.437-7.651-17.088-17.088-17.088-0.015 0-0.030 0-0.044 0l0.002-0-70.992 0.416 0.88-51.44 99.328 0.848c40.442 41.494 96.878 67.232 159.326 67.232 0.029 0 0.058-0 0.087-0l-0.004 0c14 0 27.648-1.44 40.944-3.92 1.28 1.024 2.544 2.064 4.16 2.72l77.104 30.72 10.576 52.576zM640.656 594.32l-10.016-49.856 46.272-34.56 30.304 40.208zM760.768 503.728l-26.816 25.12-29.792-39.568 26.608-20.384c4.96-3.84 11.216-5.376 17.36-4.576 6.192 0.864 11.648 4.096 15.36 9.088 6.944 9.344 5.76 22.368-2.72 30.32z",
          "M435.264 593.408l-68.576-68.272c-3.084-3.074-7.34-4.975-12.040-4.975s-8.956 1.901-12.040 4.976l-68.56 68.272c-3.097 3.098-5.013 7.377-5.013 12.104s1.916 9.006 5.013 12.104l-0-0 68.56 68.256c3.084 3.074 7.34 4.975 12.040 4.975s8.956-1.901 12.040-4.976l68.576-68.256c3.109-3.093 5.033-7.374 5.033-12.104s-1.924-9.011-5.032-12.103l-0.001-0.001zM354.656 649.696l-44.368-44.192 44.368-44.176 44.4 44.176zM549.264 162.272l-8.256 33.136c2.272 0.56 55.616 14.464 55.616 68.768h34.128c0-64.544-53.296-94.896-81.488-101.92zM630.752 298.304h-34.128v34.144h34.128z"
        ],
        "attrs": [
          {
            "fill": "rgb(77, 90, 229)"
          },
          {
            "fill": "rgb(46, 47, 66)"
          },
          {
            "fill": "rgb(46, 47, 66)"
          }
        ],
        "isMulticolor": true,
        "isMulticolor2": false,
        "grid": 0,
        "tags": [
          "astronaut"
        ],
        "colorPermutations": {
          "464766177902291": [
            {
              "f": 1
            },
            {
              "f": 0
            },
            {
              "f": 0
            }
          ]
        }
      },
      "attrs": [
        {
          "fill": "rgb(77, 90, 229)"
        },
        {
          "fill": "rgb(46, 47, 66)"
        },
        {
          "fill": "rgb(46, 47, 66)"
        }
      ],
      "properties": {
        "order": 6,
        "id": 2,
        "name": "astronaut",
        "prevSize": 32
      },
      "setIdx": 2,
      "setId": 2,
      "iconIdx": 1
    },
    {
      "icon": {
        "paths": [
          "M1001.488 489.648c-0.048-270.496-219.36-489.712-489.856-489.648-270.448 0.048-489.68 219.36-489.632 489.856 0.055 217.216 141.51 401.379 337.321 465.451l3.463 0.981q2.912 0.928 5.968 0.912c3.872 0 7.648-1.040 10.96-2.992 4.32-2.56 7.552-6.624 9.072-11.408l123.68-392c33.715-0.123 60.999-27.483 60.999-61.216 0-33.809-27.407-61.216-61.216-61.216-9.7 0-18.872 2.256-27.022 6.272l0.359-0.16-163.392-163.408c-3.692-3.69-8.792-5.972-14.424-5.972-11.269 0-20.404 9.135-20.404 20.404 0 5.636 2.285 10.739 5.98 14.432l0 0 163.312 163.488c-3.87 7.714-6.135 16.808-6.135 26.431 0 19.247 9.063 36.377 23.153 47.357l0.134 0.101-117.84 373.536c-232.896-85.792-352.144-344.128-266.352-577.024 85.792-232.864 344.144-352.144 577.024-266.352 232.88 85.808 352.128 344.144 266.352 577.024-43.044 114.595-128.119 204.987-235.98 254.005l-2.82 1.147-12.736-59.984c-2.024-9.303-10.188-16.169-19.956-16.169-5.224 0-9.99 1.964-13.599 5.194l0.020-0.017-122.784 109.616c-4.214 3.754-6.855 9.196-6.855 15.254 0 9.069 5.918 16.756 14.102 19.409l0.144 0.040 156.752 50.032c1.87 0.624 4.022 0.984 6.259 0.984 11.267 0 20.4-9.133 20.4-20.4 0-1.51-0.164-2.982-0.475-4.399l0.025 0.135-12.512-58.848c176.886-75.98 298.513-248.694 298.513-449.816 0-0.363-0-0.726-0.001-1.089l0 0.057zM511.744 469.232c11.275 0 20.416 9.141 20.416 20.416s-9.141 20.416-20.416 20.416h-0c-11.275 0-20.416-9.141-20.416-20.416s9.141-20.416 20.416-20.416h-0zM578.96 944.88l69.888-62.336 19.296 90.88z",
          "M491.344 101.92v40.8c0 11.267 9.133 20.4 20.4 20.4s20.4-9.133 20.4-20.4v-40.8c-0.446-10.922-9.409-19.608-20.4-19.608s-19.954 8.686-20.399 19.568l-0.001 0.040zM124.032 469.232c-11.267 0-20.4 9.133-20.4 20.4s9.133 20.4 20.4 20.4h40.8c11.267 0 20.4-9.133 20.4-20.4s-9.133-20.4-20.4-20.4l-0-0zM899.456 510.048c11.267 0 20.4-9.133 20.4-20.4s-9.133-20.4-20.4-20.4l-40.8-0c-10.922 0.446-19.608 9.409-19.608 20.4s8.686 19.954 19.568 20.399l0.040 0.001z"
        ],
        "attrs": [
          {
            "fill": "rgb(46, 47, 66)"
          },
          {
            "fill": "rgb(77, 90, 229)"
          }
        ],
        "isMulticolor": true,
        "isMulticolor2": false,
        "grid": 0,
        "tags": [
          "clock"
        ],
        "colorPermutations": {
          "464766177902291": [
            {
              "f": 0
            },
            {
              "f": 1
            }
          ]
        }
      },
      "attrs": [
        {
          "fill": "rgb(46, 47, 66)"
        },
        {
          "fill": "rgb(77, 90, 229)"
        }
      ],
      "properties": {
        "order": 7,
        "id": 1,
        "name": "clock",
        "prevSize": 32
      },
      "setIdx": 2,
      "setId": 2,
      "iconIdx": 2
    },
    {
      "icon": {
        "paths": [
          "M477.616 478.88h34.112v153.504h-34.112zM614.080 547.104h34.112v85.28h-34.112zM341.152 598.272h34.112v34.112h-34.112zM238.816 581.216h34.112v51.168h-34.128z",
          "M51.168 905.312h818.784c28.252-0.018 51.15-22.916 51.168-51.166l0-0.002v-68.24c-0.018-28.258-22.925-51.159-51.183-51.168l-17.057-0v-425.392l96.896-91.776c6.637 3.345 14.465 5.303 22.751 5.303 28.418 0 51.456-23.038 51.456-51.456s-23.038-51.456-51.456-51.456c-28.418 0-51.456 23.038-51.456 51.456 0 7.89 1.776 15.366 4.95 22.049l-0.133-0.312-73.008 69.2v-39.36c-0.018-28.252-22.916-51.15-51.166-51.168l-682.306-0c-28.264 0.009-51.175 22.92-51.184 51.183l-0 0.001v511.712h-17.056c-28.258 0.018-51.159 22.925-51.168 51.183l-0 0.001v68.24c0.018 28.252 22.916 51.15 51.166 51.168l0.002 0zM972.288 154.768c9.424 0 17.064 7.64 17.064 17.064s-7.64 17.064-17.064 17.064h-0c-9.424 0-17.064-7.64-17.064-17.064s7.64-17.064 17.064-17.064h-0zM102.352 223.008c0-9.44 7.632-17.072 17.056-17.072h682.304c9.424 0 17.056 7.648 17.056 17.072v71.632l-34.112 32.416v-69.936c0-9.424-7.632-17.056-17.056-17.056h-614.080c-9.424 0-17.056 7.632-17.056 17.056v426.432c0 9.44 7.632 17.072 17.056 17.072h614.080c9.424 0 17.056-7.648 17.056-17.072v-309.568l34.112-32.32v393.056h-716.416zM255.872 444.752c-0.043-0-0.093-0-0.144-0-28.259 0-51.168 22.909-51.168 51.168s22.909 51.168 51.168 51.168c13.827 0 26.374-5.485 35.582-14.397l-0.014 0.013 59.296 29.76c6.88 3.44 15.248 1.824 20.368-3.936l126.032-141.808 123.904 92.848c6.656 4.976 15.936 4.448 21.952-1.264l107.68-102v260.192h-579.936v-392.32h579.968v85.12l-120.704 114.304-124.96-93.68c-2.812-2.119-6.365-3.393-10.215-3.393-5.059 0-9.604 2.201-12.73 5.697l-0.014 0.016-127.776 143.76-47.776-23.888q0.528-3.072 0.656-6.192c-0.018-28.252-22.916-51.15-51.166-51.168l-0.002-0zM272.928 495.92c0 9.424-7.64 17.064-17.064 17.064s-17.064-7.64-17.064-17.064v-0c0-9.424 7.64-17.064 17.064-17.064s17.064 7.64 17.064 17.064v-0zM375.264 768.848h170.576v17.056c0 9.424-7.632 17.056-17.056 17.056h-136.464c-9.42 0-17.056-7.636-17.056-17.056h-0zM34.112 785.92c0-9.424 7.648-17.056 17.056-17.056h289.984v17.056c0.009 28.259 22.91 51.166 51.166 51.184l136.482 0c28.258-0.018 51.159-22.925 51.168-51.183l0-0.001v-17.056h289.984c9.408 0 17.056 7.632 17.056 17.056v68.24c0 9.408-7.648 17.056-17.072 17.056h-818.768c-9.42 0-17.056-7.636-17.056-17.056v0z"
        ],
        "attrs": [
          {
            "fill": "rgb(77, 90, 229)"
          },
          {
            "fill": "rgb(46, 47, 66)"
          }
        ],
        "isMulticolor": true,
        "isMulticolor2": false,
        "grid": 0,
        "tags": [
          "diagram"
        ],
        "colorPermutations": {
          "464766177902291": [
            {
              "f": 1
            },
            {
              "f": 0
            }
          ]
        }
      },
      "attrs": [
        {
          "fill": "rgb(77, 90, 229)"
        },
        {
          "fill": "rgb(46, 47, 66)"
        }
      ],
      "properties": {
        "order": 8,
        "id": 0,
        "name": "diagram",
        "prevSize": 32
      },
      "setIdx": 2,
      "setId": 2,
      "iconIdx": 3
    },
    {
      "icon": {
        "paths": [
          "M608 192h160v-192h-160c-123.514 0-224 100.486-224 224v96h-128v192h128v512h192v-512h160l32-192h-192v-96c0-17.346 14.654-32 32-32z"
        ],
        "tags": [
          "facebook",
          "brand",
          "social"
        ],
        "defaultCode": 60048,
        "grid": 16,
        "attrs": []
      },
      "attrs": [],
      "properties": {
        "ligatures": "facebook, brand10",
        "name": "facebook",
        "order": 11,
        "id": 401,
        "prevSize": 32
      },
      "setIdx": 3,
      "setId": 1,
      "iconIdx": 400
    },
    {
      "icon": {
        "paths": [
          "M512 92.2c136.8 0 153 0.6 206.8 3 50 2.2 77 10.6 95 17.6 23.8 9.2 41 20.4 58.8 38.2 18 18 29 35 38.4 58.8 7 18 15.4 45.2 17.6 95 2.4 54 3 70.2 3 206.8s-0.6 153-3 206.8c-2.2 50-10.6 77-17.6 95-9.2 23.8-20.4 41-38.2 58.8-18 18-35 29-58.8 38.4-18 7-45.2 15.4-95 17.6-54 2.4-70.2 3-206.8 3s-153-0.6-206.8-3c-50-2.2-77-10.6-95-17.6-23.8-9.2-41-20.4-58.8-38.2-18-18-29-35-38.4-58.8-7-18-15.4-45.2-17.6-95-2.4-54-3-70.2-3-206.8s0.6-153 3-206.8c2.2-50 10.6-77 17.6-95 9.2-23.8 20.4-41 38.2-58.8 18-18 35-29 58.8-38.4 18-7 45.2-15.4 95-17.6 53.8-2.4 70-3 206.8-3zM512 0c-139 0-156.4 0.6-211 3-54.4 2.4-91.8 11.2-124.2 23.8-33.8 13.2-62.4 30.6-90.8 59.2-28.6 28.4-46 57-59.2 90.6-12.6 32.6-21.4 69.8-23.8 124.2-2.4 54.8-3 72.2-3 211.2s0.6 156.4 3 211c2.4 54.4 11.2 91.8 23.8 124.2 13.2 33.8 30.6 62.4 59.2 90.8 28.4 28.4 57 46 90.6 59 32.6 12.6 69.8 21.4 124.2 23.8 54.6 2.4 72 3 211 3s156.4-0.6 211-3c54.4-2.4 91.8-11.2 124.2-23.8 33.6-13 62.2-30.6 90.6-59s46-57 59-90.6c12.6-32.6 21.4-69.8 23.8-124.2 2.4-54.6 3-72 3-211s-0.6-156.4-3-211c-2.4-54.4-11.2-91.8-23.8-124.2-12.6-34-30-62.6-58.6-91-28.4-28.4-57-46-90.6-59-32.6-12.6-69.8-21.4-124.2-23.8-54.8-2.6-72.2-3.2-211.2-3.2v0z",
          "M512 249c-145.2 0-263 117.8-263 263s117.8 263 263 263 263-117.8 263-263c0-145.2-117.8-263-263-263zM512 682.6c-94.2 0-170.6-76.4-170.6-170.6s76.4-170.6 170.6-170.6c94.2 0 170.6 76.4 170.6 170.6s-76.4 170.6-170.6 170.6z",
          "M846.8 238.6c0 33.91-27.49 61.4-61.4 61.4s-61.4-27.49-61.4-61.4c0-33.91 27.49-61.4 61.4-61.4s61.4 27.49 61.4 61.4z"
        ],
        "tags": [
          "instagram",
          "brand",
          "social"
        ],
        "defaultCode": 60050,
        "grid": 16,
        "attrs": []
      },
      "attrs": [],
      "properties": {
        "ligatures": "instagram, brand12",
        "name": "instagram",
        "order": 10,
        "id": 403,
        "prevSize": 32
      },
      "setIdx": 3,
      "setId": 1,
      "iconIdx": 402
    },
    {
      "icon": {
        "paths": [
          "M1024 226.4c-37.6 16.8-78.2 28-120.6 33 43.4-26 76.6-67.2 92.4-116.2-40.6 24-85.6 41.6-133.4 51-38.4-40.8-93-66.2-153.4-66.2-116 0-210 94-210 210 0 16.4 1.8 32.4 5.4 47.8-174.6-8.8-329.4-92.4-433-219.6-18 31-28.4 67.2-28.4 105.6 0 72.8 37 137.2 93.4 174.8-34.4-1-66.8-10.6-95.2-26.2 0 0.8 0 1.8 0 2.6 0 101.8 72.4 186.8 168.6 206-17.6 4.8-36.2 7.4-55.4 7.4-13.6 0-26.6-1.4-39.6-3.8 26.8 83.4 104.4 144.2 196.2 146-72 56.4-162.4 90-261 90-17 0-33.6-1-50.2-3 93.2 59.8 203.6 94.4 322.2 94.4 386.4 0 597.8-320.2 597.8-597.8 0-9.2-0.2-18.2-0.6-27.2 41-29.4 76.6-66.4 104.8-108.6z"
        ],
        "tags": [
          "twitter",
          "brand",
          "tweet",
          "social"
        ],
        "defaultCode": 60054,
        "grid": 16,
        "attrs": []
      },
      "attrs": [],
      "properties": {
        "ligatures": "twitter, brand16",
        "name": "twitter",
        "order": 12,
        "id": 407,
        "prevSize": 32
      },
      "setIdx": 3,
      "setId": 1,
      "iconIdx": 406
    },
    {
      "icon": {
        "paths": [
          "M384 384h177.106v90.782h2.532c24.64-44.194 84.958-90.782 174.842-90.782 186.946 0 221.52 116.376 221.52 267.734v308.266h-184.61v-273.278c0-65.184-1.334-149.026-96.028-149.026-96.148 0-110.82 70.986-110.82 144.292v278.012h-184.542v-576z",
          "M64 384h192v576h-192v-576z",
          "M256 224c0 53.019-42.981 96-96 96s-96-42.981-96-96c0-53.019 42.981-96 96-96s96 42.981 96 96z"
        ],
        "tags": [
          "linkedin",
          "brand",
          "social"
        ],
        "defaultCode": 60106,
        "grid": 16,
        "attrs": []
      },
      "attrs": [],
      "properties": {
        "ligatures": "linkedin2, brand65",
        "name": "linkedin2",
        "order": 13,
        "id": 459,
        "prevSize": 32
      },
      "setIdx": 3,
      "setId": 1,
      "iconIdx": 458
    }
  ],
  "height": 1024,
  "preferences": {
    "showGlyphs": true,
    "showQuickUse": true,
    "showQuickUse2": true,
    "showSVGs": true,
    "fontPref": {
      "prefix": "icon-",
      "metadata": {
        "fontFamily": "icomoon"
      },
      "metrics": {
        "emSize": 1024,
        "baseline": 6.25,
        "whitespace": 50
      },
      "embed": false
    },
    "imagePref": {
      "prefix": "icon-",
      "png": true,
      "useClassSelector": true,
      "color": 0,
      "bgColor": 16777215,
      "classSelector": ".icon",
      "name": "icomoon",
      "height": 32,
      "columns": 16,
      "margin": 16
    },
    "historySize": 50,
    "showCodes": true,
    "gridSize": 16
  }
}